Date,Aceh,Bali,Banten,Babel,Bengkulu,DIY,Jakarta,Jambi,Jabar,Jateng,Jatim,Kalbar,Kaltim,Kalteng,Kalsel,Kaltara,Kep Riau,NTB,Sumsel,Sumbar,Sulut,Sumut,Sultra,Sulsel,Sulteng,Lampung,Riau,Malut,Maluku,Papbar,Papua,Sulbar,NTT,Gorontalo
2020-03-15,0,0,0,0,0,0,19,0,0,2,0,0,0,0,0,0,0,0,0,0,0,0,0,0,0,0,0,0,0,0,0,0,0,0
2020-03-16,0,0,1,0,0,0,14,0,1,1,0,0,0,0,0,0,0,0,0,0,0,0,0,0,0,0,0,0,0,0,0,0,0,0
2020-03-17,0,0,0,0,0,0,0,0,0,0,0,0,0,0,0,0,0,0,0,0,0,0,0,0,0,0,0,0,0,0,0,0,0,0
2020-03-18,0,0,4,0,0,1,30,0,12,2,0,0,1,0,0,0,0,0,0,0,0,1,0,0,0,1,1,0,0,0,0,0,0,0
2020-03-19,0,0,10,0,0,2,52,0,2,4,1,0,2,0,0,0,2,0,0,0,0,1,3,2,0,0,1,0,0,0,0,0,0,0
2020-03-20,0,3,10,0,0,-1,5,0,15,0,6,0,7,2,0,0,1,0,0,0,0,0,0,0,0,0,-1,0,0,0,0,0,0,0
2020-03-21,0,0,4,0,0,1,44,0,14,2,11,0,0,0,0,0,0,0,0,0,0,0,0,2,0,0,0,0,0,0,0,0,0,0
2020-03-22,0,0,0,0,0,0,40,0,4,1,15,0,0,0,1,0,0,0,0,0,0,0,0,0,0,0,0,0,1,0,2,0,0,0
2020-03-23,0,3,9,0,0,0,44,1,0,0,0,0,2,0,0,0,1,0,0,0,0,0,0,0,0,0,0,1,0,0,0,0,0,0
2020-03-24,0,0,9,0,0,1,70,0,1,4,10,1,0,1,0,0,0,1,1,0,1,5,0,0,0,0,1,0,0,0,1,0,0,0
2020-03-25,0,3,2,0,0,11,39,0,13,19,0,0,0,0,1,0,0,1,0,0,0,0,0,9,0,0,0,0,0,0,0,0,0,0
2020-03-26,1,0,0,0,0,0,53,0,5,2,8,0,0,2,0,0,0,0,0,3,0,0,0,14,1,2,1,0,0,0,4,0,0,0
2020-03-27,3,0,17,0,0,6,83,0,20,3,7,0,0,0,0,0,0,0,0,2,0,0,0,2,0,1,0,0,0,2,0,0,0,0
2020-03-28,0,0,10,0,0,0,38,0,21,12,11,0,6,1,0,2,0,0,1,0,0,0,0,4,1,0,0,0,0,0,0,0,0,0
2020-03-29,0,1,3,0,0,0,48,0,30,8,13,5,0,0,0,0,0,0,0,0,0,0,0,15,0,0,1,0,0,0,2,0,0,0
2020-03-30,0,9,22,1,0,1,24,1,25,17,1,1,0,0,4,0,1,0,0,3,0,5,0,4,0,4,1,0,0,0,0,0,0,0
2020-03-31,0,0,14,1,1,5,41,0,16,13,2,0,3,2,2,0,1,2,3,0,0,6,0,0,0,0,0,0,0,0,1,0,0,0
2020-04-01,0,6,11,0,0,5,62,0,21,11,11,1,1,0,0,0,0,2,0,0,1,2,0,15,0,0,0,0,0,0,0,0,0,0
2020-04-02,0,0,8,0,0,0,80,0,15,0,0,0,0,0,0,0,0,0,6,0,0,0,0,0,0,0,4,0,0,0,0,0,0,0
2020-04-03,0,2,6,0,1,0,74,0,2,10,52,0,1,3,0,6,1,1,1,0,0,0,3,16,2,4,3,0,0,0,6,0,0,0
2020-04-04,0,5,3,0,0,5,55,0,24,7,0,0,2,0,0,0,0,0,0,0,0,3,0,0,0,0,0,0,0,0,2,0,0,0
2020-04-05,0,3,4,0,0,1,96,0,5,0,36,0,6,0,8,0,1,0,4,0,0,0,0,3,0,0,1,0,0,0,8,0,0,0
2020-04-06,0,7,10,0,0,6,101,0,11,12,1,2,1,9,2,7,0,3,0,10,2,1,1,30,0,1,1,0,0,0,0,0,0,0
2020-04-07,0,0,7,0,0,1,135,0,80,1,5,0,0,0,0,0,0,0,0,0,3,0,0,15,0,0,0,0,0,0,0,0,0,0
2020-04-08,1,6,18,0,0,0,101,0,22,7,2,0,1,0,4,1,0,0,0,0,0,33,4,0,0,3,0,1,2,0,12,0,0,0
2020-04-09,0,14,6,1,2,0,236,0,11,4,27,0,0,0,0,0,13,6,1,0,0,0,5,10,0,0,0,0,0,0,0,0,1,0
2020-04-10,0,12,25,0,0,0,47,0,12,0,33,0,3,4,7,0,0,9,4,13,5,0,0,29,9,5,0,0,0,0,0,1,0,1
2020-04-11,0,4,36,1,0,0,196,2,32,0,11,0,0,0,0,0,0,2,0,0,0,0,1,11,5,0,3,0,0,0,24,2,0,0
2020-04-12,0,2,2,0,0,0,96,0,29,56,119,3,0,0,5,0,0,10,0,13,4,6,0,44,0,0,0,0,8,1,1,0,0,0
2020-04-13,0,5,4,0,0,16,160,0,60,3,54,0,0,1,0,0,0,0,0,1,0,2,0,0,0,1,4,0,0,0,5,0,0,0
2020-04-14,0,6,4,0,0,5,130,1,0,75,35,0,0,0,3,0,5,0,1,3,0,5,0,9,0,0,0,0,0,0,0,0,0,0
2020-04-15,0,6,0,1,0,1,139,1,29,13,24,0,0,8,12,4,6,0,3,7,1,6,8,11,3,0,0,2,3,0,7,2,0,0
2020-04-16,0,15,16,1,0,0,196,1,11,8,15,8,9,1,10,8,6,8,15,0,0,1,2,29,0,5,4,0,0,3,5,0,0,3
2020-04-17,0,11,11,0,0,1,154,1,58,5,8,0,0,1,15,19,19,6,17,7,0,0,0,62,2,0,1,0,0,0,9,0,0,0
2020-04-18,1,7,10,0,0,3,109,0,9,25,33,0,10,6,18,3,21,4,30,9,2,0,1,11,0,0,4,0,3,0,6,0,0,0
2020-04-19,1,4,3,1,0,0,108,0,55,20,35,0,5,5,4,19,0,6,5,1,0,2,9,27,3,0,0,0,0,2,12,0,0,0
2020-04-20,0,5,29,0,0,2,79,0,25,3,0,0,4,14,0,5,0,11,0,2,0,2,0,0,0,0,4,0,0,0,0,0,0,0
2020-04-21,0,10,0,1,4,3,163,5,9,98,13,6,5,7,2,3,2,21,0,2,0,1,0,4,0,1,1,0,0,0,11,0,0,3
2020-04-22,0,2,0,0,0,3,119,0,6,30,35,4,1,15,9,0,0,15,0,5,0,9,0,13,2,0,8,0,1,5,1,0,0,0
2020-04-23,0,15,0,1,0,1,133,1,22,59,26,19,5,1,7,0,2,7,4,5,11,2,0,10,0,11,1,2,0,5,7,0,0,0
2020-04-24,1,10,22,0,0,1,85,4,75,37,26,0,11,11,18,0,0,38,13,10,5,1,4,23,3,0,0,0,0,2,6,25,0,5
2020-04-25,1,6,11,0,0,2,85,3,45,46,80,1,12,6,14,6,0,27,13,1,0,9,0,12,4,0,2,0,5,1,0,2,0,2
2020-04-26,0,3,0,1,0,3,114,11,5,28,15,0,8,4,0,6,2,15,10,5,4,6,4,8,0,4,1,12,0,0,5,0,0,1
2020-04-27,0,8,12,0,0,1,70,0,39,17,11,0,2,8,4,1,1,11,0,19,0,0,0,0,0,0,0,0,0,0,10,0,0,0
2020-04-28,0,21,6,0,0,10,133,0,19,16,61,0,8,9,0,2,3,15,14,23,3,0,0,13,6,2,1,0,0,21,26,2,0,1
2020-04-29,0,0,0,0,4,1,90,0,40,29,15,7,4,6,7,0,0,9,1,1,1,3,8,12,5,2,1,0,1,0,12,1,0,0
2020-04-30,1,7,16,0,0,1,82,0,3,13,86,0,15,18,13,8,0,0,6,3,1,3,9,26,0,0,0,14,0,0,16,4,2,0
2020-05-01,1,13,14,9,0,9,142,0,0,22,76,3,2,11,9,15,0,3,6,24,0,0,0,56,1,4,1,1,0,5,5,1,0,0
2020-05-02,0,2,9,0,0,10,80,0,31,19,3,7,18,1,0,7,0,17,0,10,0,0,2,30,11,0,3,0,0,1,30,1,0,0
2020-05-03,1,25,5,1,0,1,67,6,10,9,80,2,8,0,16,0,3,19,29,13,0,6,0,24,0,0,8,9,0,0,0,0,7,0
2020-05-04,0,9,14,0,0,0,79,0,193,22,7,3,5,23,3,8,0,0,0,8,0,6,0,6,0,4,5,0,0,0,0,0,0,0
2020-05-05,0,6,12,8,0,6,148,5,48,51,47,0,1,1,14,1,5,16,14,18,0,1,5,33,11,1,3,0,0,6,7,14,2,0
2020-05-06,5,0,29,0,2,1,83,4,20,42,50,17,14,5,13,0,1,4,11,17,0,11,0,25,0,8,0,0,0,4,1,0,0,0
2020-05-07,0,10,8,0,0,15,85,0,61,13,46,5,0,2,13,0,0,11,17,14,0,1,0,19,5,0,5,0,0,0,4,0,0,4
2020-05-08,0,13,10,0,0,6,100,0,23,28,17,0,27,0,8,0,2,12,0,18,2,15,1,24,0,3,3,0,9,0,13,2,0,0
2020-05-09,0,6,18,0,23,3,101,15,33,26,135,23,5,1,7,0,1,18,51,16,6,22,1,2,0,0,2,4,0,0,12,2,0,0
2020-05-10,0,5,10,1,0,7,134,2,0,19,83,2,4,4,10,0,0,0,0,13,18,0,5,12,8,0,2,0,0,17,31,0,0,0
2020-05-11,0,3,8,0,0,6,86,1,56,2,34,0,7,7,0,1,3,1,0,0,0,17,0,0,0,0,1,0,0,0,0,0,0,0
2020-05-12,0,14,18,0,3,10,99,0,52,9,133,3,3,4,14,0,2,8,1,20,3,2,0,25,12,0,7,0,18,0,14,0,0,0
2020-05-13,0,4,21,0,0,12,183,0,7,34,103,6,2,16,14,6,5,5,43,20,8,2,91,55,6,0,7,24,0,0,6,6,3,0
2020-05-14,0,5,13,0,2,4,134,1,9,43,91,0,8,3,3,0,0,6,119,32,1,2,0,37,9,0,6,3,12,18,4,1,0,2
2020-05-15,0,6,29,0,11,3,86,3,31,43,58,0,13,4,69,3,4,8,17,22,22,0,17,31,1,0,1,4,0,0,3,0,0,1
2020-05-16,1,3,4,0,3,6,107,10,22,31,184,2,2,0,7,12,1,7,0,3,9,0,6,46,1,0,0,3,0,14,15,1,28,1
2020-05-17,0,2,24,0,9,5,132,1,31,17,47,1,1,0,2,2,0,6,63,12,0,16,2,34,2,1,4,4,22,3,33,0,12,1
2020-05-18,0,11,27,0,1,1,49,1,25,8,144,0,1,0,66,0,11,4,16,1,2,7,0,66,0,16,2,1,23,0,0,0,9,4
2020-05-19,0,4,21,0,1,7,98,3,21,10,81,0,3,5,46,5,13,0,60,11,10,10,11,47,0,1,5,2,0,0,6,2,3,0
2020-05-20,0,8,1,6,0,2,81,5,176,17,119,0,6,9,63,0,0,18,49,8,26,15,0,37,0,1,1,1,17,1,20,1,5,0
2020-05-21,0,3,54,1,2,6,65,0,86,25,502,1,2,13,10,2,0,17,28,8,28,23,0,34,2,16,1,1,11,4,1,8,3,16
2020-05-22,1,6,15,0,0,5,99,2,40,17,131,7,5,36,15,1,1,54,19,2,18,12,9,71,0,4,1,2,22,9,27,0,0,3
2020-05-23,0,8,0,3,0,5,115,0,43,54,466,28,3,2,18,0,9,10,32,5,3,9,4,59,3,0,1,0,0,10,57,0,0,2
2020-05-24,0,6,21,0,0,1,119,4,46,21,68,0,2,16,9,1,4,4,11,35,29,17,0,32,0,4,1,1,2,1,62,0,0,9
2020-05-25,0,2,0,0,0,0,75,2,22,2,223,7,0,2,3,0,0,0,76,0,9,4,0,23,0,7,0,7,1,0,11,0,3,0
2020-05-26,0,11,18,0,0,0,89,0,17,4,57,1,1,12,28,0,0,10,56,35,26,0,0,33,0,0,0,11,0,2,0,1,3,0
2020-05-27,0,8,10,3,0,2,97,0,27,11,199,7,3,8,73,1,8,49,53,24,16,17,11,29,0,2,0,1,10,0,14,1,0,2
2020-05-28,1,5,14,0,2,0,105,0,25,10,171,1,1,7,116,0,13,25,21,4,16,30,14,46,5,0,0,9,18,20,3,0,0,5
2020-05-29,0,23,14,0,1,2,125,0,32,14,101,0,4,30,74,0,3,28,11,0,9,38,1,41,0,13,6,11,27,6,56,0,5,3
2020-05-30,0,12,13,3,14,3,101,0,20,16,199,0,6,31,0,0,18,4,10,11,16,6,0,42,0,1,0,7,0,4,18,0,1,1
2020-05-31,0,10,3,1,5,3,118,0,30,37,244,5,4,12,26,0,1,42,19,15,17,3,3,31,2,1,0,7,8,6,17,4,1,25
2020-06-01,0,17,6,0,0,1,137,0,34,14,65,7,2,9,29,0,0,16,13,0,0,8,0,45,0,2,0,7,0,0,50,0,5,0
2020-06-02,0,5,14,4,1,0,60,0,18,15,213,0,1,9,21,0,12,18,24,7,15,1,0,44,0,1,0,14,0,4,94,0,0,14
2020-06-03,0,3,71,12,0,0,82,0,5,23,183,6,12,28,64,0,0,15,10,9,23,26,7,38,1,0,0,2,15,0,39,0,0,10
2020-06-04,0,20,10,10,0,0,94,2,9,24,90,0,6,13,109,0,10,20,27,11,5,44,1,54,0,4,0,1,0,1,17,0,0,3
2020-06-05,0,14,24,9,0,1,76,2,12,58,141,3,1,15,71,2,4,52,18,13,9,49,5,54,7,1,0,1,16,2,43,0,0,0
2020-06-06,0,33,36,17,0,4,104,2,10,27,286,5,10,12,34,1,4,41,30,11,79,68,0,64,3,2,1,7,7,3,87,0,0,5
2020-06-07,0,25,10,4,0,2,163,0,28,51,113,0,2,0,38,1,1,10,25,8,25,0,2,64,20,1,0,1,8,1,59,2,0,8
2020-06-08,0,12,11,0,0,3,89,0,20,27,365,0,9,8,62,0,0,14,29,0,15,2,0,110,0,1,0,0,38,0,26,0,6,0
2020-06-09,0,14,15,19,0,2,232,0,25,32,220,24,13,18,91,1,0,8,30,19,41,11,4,180,0,3,2,4,8,4,18,0,0,5
2020-06-10,2,32,35,2,0,1,157,2,50,139,273,11,11,15,127,0,0,27,41,14,19,17,3,189,0,2,0,13,13,8,29,1,2,6
2020-06-11,0,19,24,3,0,2,128,0,44,19,297,0,3,15,69,0,10,11,42,2,33,45,6,141,0,2,0,36,0,4,19,1,0,4
2020-06-12,0,36,35,6,3,10,93,1,19,44,318,22,8,13,60,0,0,23,33,10,65,88,5,58,0,1,0,22,59,5,41,1,0,32
2020-06-13,0,28,74,4,3,2,121,2,15,70,176,0,3,21,123,0,1,13,22,3,7,94,2,125,9,12,5,17,13,5,40,0,0,4
2020-06-14,5,18,9,8,3,5,117,0,17,113,196,1,2,0,70,0,0,11,70,7,7,10,4,133,2,1,0,8,21,3,12,1,3,0
2020-06-15,0,19,3,0,0,3,142,0,19,116,270,0,4,45,66,0,15,22,52,0,18,60,3,101,1,0,1,2,31,1,0,0,0,23
2020-06-16,0,22,34,1,3,1,101,0,40,56,245,2,10,26,169,1,0,20,50,6,25,25,5,175,1,0,0,3,44,3,32,0,0,6
2020-06-17,10,47,32,2,1,3,127,1,41,115,225,12,5,45,86,0,9,21,43,4,35,13,1,84,0,3,2,7,24,2,30,1,0,0
2020-06-18,1,66,15,0,0,0,173,0,52,45,384,0,8,36,118,0,0,30,55,5,25,23,34,166,0,2,6,21,17,5,39,5,0,0
2020-06-19,0,81,4,0,2,1,141,3,45,80,140,14,12,0,66,2,0,14,84,4,23,31,3,207,1,1,8,40,7,3,18,0,0,6
2020-06-20,1,37,15,1,9,8,180,0,18,98,394,2,6,26,83,2,1,29,41,3,25,58,3,112,0,8,0,17,37,0,12,0,0,0
2020-06-21,10,37,8,0,0,3,142,0,20,99,91,0,11,0,94,1,15,5,58,4,44,13,0,112,0,1,0,11,22,2,49,0,3,7
2020-06-22,0,30,6,0,0,0,127,0,17,49,315,0,1,21,89,1,2,11,60,0,1,20,2,111,3,0,24,20,30,0,11,0,0,3
2020-06-23,0,36,9,0,2,3,160,2,31,49,258,15,12,11,27,0,0,14,16,5,7,117,2,154,3,0,27,34,1,0,55,0,0,1
2020-06-24,4,42,17,0,0,1,157,0,41,76,183,0,9,4,90,0,3,21,14,3,31,55,1,132,1,2,24,95,37,1,59,1,0,7
2020-06-25,13,56,9,0,2,7,196,0,32,78,247,0,17,10,60,9,7,17,24,2,46,69,0,103,1,4,3,80,13,8,59,1,0,5
2020-06-26,3,49,10,0,4,3,205,0,33,177,356,0,10,7,41,9,0,23,14,3,46,14,4,172,2,0,3,21,7,0,20,2,2,0
2020-06-27,8,106,17,1,1,2,203,3,46,197,277,8,11,5,54,4,0,21,43,2,55,77,3,146,1,1,0,37,14,1,37,4,0,0
2020-06-28,2,45,3,0,0,2,125,0,25,188,330,0,9,12,73,0,2,36,50,3,32,20,0,192,2,0,1,11,6,2,26,1,0,0
2020-06-29,0,30,2,3,0,0,125,0,45,198,297,0,7,47,39,3,0,14,23,0,25,13,2,188,0,0,2,0,15,1,3,0,0,0
2020-06-30,1,49,9,0,0,7,190,0,81,153,331,0,8,13,106,2,0,21,26,1,27,71,18,89,3,2,0,9,16,2,51,1,0,6
2020-07-01,6,34,10,3,4,1,217,0,54,173,185,15,7,37,75,0,9,11,29,16,20,50,42,130,0,1,1,147,7,3,96,2,0,0
2020-07-02,0,113,8,0,1,6,190,0,64,153,374,0,6,15,114,0,5,15,42,8,30,89,59,165,0,2,1,65,13,2,70,2,5,7
2020-07-03,1,66,21,2,6,4,140,0,28,134,353,0,13,50,110,0,3,23,36,10,19,33,11,180,0,0,4,10,7,5,26,1,0,5
2020-07-04,0,91,13,4,1,1,223,0,88,110,413,0,13,8,73,0,1,28,49,2,14,44,4,195,5,0,1,1,7,4,42,4,0,8
2020-07-05,0,52,5,2,4,6,257,3,106,208,552,3,27,28,44,0,2,19,50,13,16,11,3,136,0,2,1,0,18,2,37,0,0,0
2020-07-06,0,51,12,6,0,8,232,0,126,127,308,0,13,8,64,0,0,32,71,0,10,20,2,84,0,6,1,0,10,10,6,0,0,2
2020-07-07,1,40,6,2,3,7,190,1,79,140,280,5,6,18,67,0,0,30,30,5,34,23,3,218,0,0,1,14,26,1,30,3,0,5
2020-07-08,1,31,13,0,7,3,357,0,96,205,366,0,14,15,123,0,5,23,63,0,90,156,7,166,2,1,0,70,7,0,17,2,3,10
2020-07-09,1,53,11,0,4,8,284,1,962,120,517,3,6,23,108,8,3,29,56,5,126,108,6,130,0,1,2,40,8,6,27,1,0,0
2020-07-10,0,86,8,0,3,7,260,0,105,100,246,0,19,35,64,0,0,36,93,6,134,112,7,132,0,2,0,24,13,4,80,5,0,30
2020-07-11,9,37,7,1,4,7,378,0,73,100,409,0,31,26,79,0,6,40,36,3,67,87,2,180,0,0,1,21,6,6,23,3,0,29
2020-07-12,7,48,12,0,1,1,404,0,50,70,518,3,17,39,77,0,5,30,49,6,23,39,2,173,0,3,1,8,10,4,63,4,0,14
2020-07-13,0,62,6,0,0,8,281,0,83,100,219,5,5,26,72,1,0,23,50,0,20,44,7,124,0,1,3,13,26,0,98,1,0,4
2020-07-14,4,101,9,2,5,8,268,2,74,80,353,0,27,32,161,0,5,21,51,3,17,130,3,197,1,0,3,2,0,6,1,3,0,22
2020-07-15,27,63,3,1,2,9,260,1,75,261,165,0,34,0,109,0,4,26,30,2,44,99,10,158,1,6,0,39,20,0,60,6,0,7
2020-07-16,3,112,17,0,1,8,312,0,40,214,179,4,24,12,133,0,0,30,48,1,28,97,9,178,0,4,5,27,6,4,52,2,0,24
2020-07-17,5,86,9,0,2,4,253,1,52,238,255,0,43,58,101,1,0,21,67,7,28,83,14,83,0,1,5,11,2,5,18,0,0,9
2020-07-18,0,71,8,1,6,8,346,6,60,266,204,0,25,0,107,0,3,23,67,4,54,147,21,168,0,9,5,33,1,38,56,4,10,1
2020-07-19,1,55,17,0,2,16,313,0,27,300,275,0,20,75,109,0,1,31,46,9,47,14,12,158,1,2,11,8,31,2,49,1,0,6
2020-07-20,2,36,8,4,0,6,361,0,60,354,237,0,25,0,52,1,0,34,42,2,64,15,48,125,0,0,15,2,19,27,39,7,3,105
2020-07-21,1,75,8,0,0,28,433,2,61,121,283,0,71,13,92,0,0,18,58,8,38,42,36,93,0,1,23,39,19,3,6,1,3,79
2020-07-22,2,78,4,1,4,21,392,2,32,319,265,0,30,36,133,0,4,12,37,10,77,169,14,150,0,5,38,8,0,5,32,2,0,0
2020-07-23,7,62,10,1,10,10,470,0,60,295,357,0,40,27,116,1,0,33,16,3,43,100,27,120,4,9,2,9,12,10,46,2,0,4
2020-07-24,4,62,12,3,1,23,297,2,91,124,496,0,38,45,90,0,2,28,46,3,42,57,23,85,1,0,12,27,0,1,68,4,0,74
2020-07-25,6,56,5,1,4,17,376,1,73,191,310,6,62,67,118,48,3,33,17,12,54,51,17,136,0,1,5,37,6,1,40,12,0,102
2020-07-26,0,43,14,2,0,7,384,0,51,76,283,0,32,45,116,0,1,20,23,5,47,19,16,133,1,3,11,32,30,4,57,5,8,24
2020-07-27,0,62,10,3,0,15,467,0,45,210,273,0,18,21,33,0,0,23,24,0,50,48,1,110,0,2,4,14,0,4,56,1,0,31
2020-07-28,25,30,9,0,10,14,409,0,128,185,313,16,66,24,93,2,7,20,21,5,44,80,0,132,4,0,27,38,22,1,17,2,0,4
2020-07-29,45,61,15,2,2,15,577,15,96,313,359,0,57,0,102,0,8,40,34,17,58,241,7,128,1,0,6,31,1,16,26,6,0,102
2020-07-30,74,50,29,0,2,23,397,2,147,161,288,0,70,24,86,12,0,36,57,16,87,68,6,95,0,3,11,6,24,17,33,22,0,58
2020-07-31,103,47,34,0,3,64,430,6,71,235,317,6,49,28,128,3,77,43,30,41,78,104,0,76,0,0,19,0,0,3,38,7,0,0
2020-08-01,0,41,23,0,1,67,368,6,52,143,235,0,7,31,62,1,44,0,10,0,68,31,5,130,0,0,1,13,31,18,28,2,0,142
2020-08-02,16,40,12,0,17,19,377,1,53,73,180,0,83,17,32,0,2,50,17,9,20,174,0,95,6,16,10,14,11,9,27,6,6,127
2020-08-03,2,41,21,3,0,12,472,0,56,95,478,0,22,14,46,0,0,35,11,17,78,57,2,97,0,26,50,5,0,0,0,1,0,38
2020-08-04,7,49,33,0,3,12,410,19,94,60,430,0,60,53,119,3,0,21,35,13,30,68,70,117,0,0,71,6,11,11,50,2,0,65
2020-08-05,2,39,23,1,1,17,354,5,125,149,417,0,67,5,54,0,7,26,63,19,18,130,33,127,2,1,29,7,29,10,11,3,1,40
2020-08-06,41,27,32,0,1,18,556,0,83,115,286,7,36,25,67,4,0,27,49,32,28,86,59,182,0,1,15,7,46,11,17,20,0,4
2020-08-07,53,38,34,3,0,19,665,12,152,232,378,3,98,37,57,0,17,15,21,41,18,216,27,88,1,4,35,31,71,44,23,2,0,38
2020-08-08,0,38,22,0,3,16,686,5,240,88,429,0,35,66,82,1,9,24,52,23,20,101,20,107,0,4,50,47,6,15,0,8,0,80
2020-08-09,44,59,24,1,9,8,440,0,179,140,408,13,53,30,98,2,8,27,19,38,44,25,22,90,0,0,26,4,32,1,42,0,0,7
2020-08-10,96,38,23,2,1,14,435,0,33,68,296,6,45,43,50,2,21,26,19,36,72,129,0,77,0,9,41,6,15,5,21,0,0,58
2020-08-11,0,45,19,0,5,4,462,0,95,86,291,4,128,31,71,3,17,22,22,13,36,207,32,54,0,2,16,11,2,1,1,7,3,3
2020-08-12,72,30,49,0,2,20,529,5,109,179,303,9,46,6,53,4,27,24,43,27,13,109,24,90,4,2,32,18,20,13,26,0,7,47
2020-08-13,0,35,37,0,4,11,608,0,111,204,341,10,23,44,45,9,14,13,27,42,125,94,30,81,0,7,68,8,39,24,31,5,0,8
2020-08-14,92,53,21,2,10,35,538,7,361,192,418,5,98,20,55,0,12,24,39,42,61,69,33,37,3,5,29,12,10,0,9,12,0,3
2020-08-15,25,44,33,2,3,46,583,3,237,131,436,3,56,37,62,13,22,22,36,37,50,195,28,102,0,0,41,10,32,6,0,7,3,40
2020-08-16,11,41,43,5,2,33,518,0,83,168,488,0,86,0,100,3,10,15,29,13,21,51,35,156,0,9,24,2,47,4,77,1,0,6
2020-08-17,168,45,17,2,0,16,552,20,45,36,336,0,116,27,90,1,7,22,1,26,6,17,14,97,4,2,34,3,26,2,10,12,0,67
2020-08-18,25,48,63,2,1,18,513,0,45,118,312,5,93,43,40,0,0,23,9,37,27,130,1,39,1,0,22,2,9,13,0,1,0,33
2020-08-19,63,62,47,3,6,31,551,5,104,131,335,4,91,0,82,3,15,24,45,26,21,78,0,32,5,3,11,10,23,14,21,2,0,54
2020-08-20,5,72,23,1,0,48,594,0,199,168,371,15,28,33,181,5,1,21,24,44,65,59,60,59,0,6,47,5,58,6,67,1,0,0
2020-08-21,4,76,36,2,1,25,657,21,93,96,458,29,195,23,74,2,21,24,49,45,50,21,22,98,2,1,35,0,0,3,14,8,0,12
2020-08-22,70,78,42,4,1,15,588,3,134,100,321,33,129,34,78,1,0,14,54,37,71,73,11,61,1,3,63,9,4,4,33,16,5,0
2020-08-23,0,67,32,2,0,15,615,0,68,188,279,33,80,62,81,9,44,18,34,68,30,78,13,33,2,6,42,4,54,2,0,5,1,72
2020-08-24,30,63,61,0,1,14,633,0,137,152,320,12,44,17,61,8,11,14,32,26,2,37,4,46,1,3,42,4,8,10,83,1,0,0
2020-08-25,20,74,32,3,11,41,637,7,250,198,363,27,141,11,82,3,11,17,45,77,44,134,38,52,0,4,40,1,65,0,0,7,1,11
2020-08-26,30,76,29,4,3,16,713,8,178,147,331,0,134,8,54,1,8,28,21,87,15,137,37,70,0,2,42,30,6,52,36,2,1,0
2020-08-27,108,82,59,0,2,42,760,7,154,252,367,6,206,18,39,0,50,21,25,41,39,104,50,42,0,5,99,16,33,9,23,6,1,53
2020-08-28,50,93,42,0,24,20,869,6,526,242,417,0,97,0,68,12,36,23,57,26,34,86,49,76,1,2,66,15,4,6,26,16,2,12
2020-08-29,97,88,60,0,3,47,861,0,287,180,641,16,200,18,111,6,39,42,56,88,65,103,38,85,1,4,79,0,27,20,36,4,0,6
2020-08-30,54,89,45,4,11,24,1094,0,103,138,466,18,197,25,64,3,0,1,40,90,82,39,26,29,0,7,134,18,20,6,25,5,1,0
2020-08-31,33,129,31,0,0,28,1049,0,145,179,323,0,124,41,32,2,90,14,53,89,15,58,1,108,2,6,107,2,25,55,0,2,0,0
2020-09-01,16,160,26,0,6,20,901,0,215,200,350,8,61,37,69,8,27,16,32,83,45,115,42,79,1,4,78,6,43,24,66,1,2,34
2020-09-02,48,169,68,0,4,29,1054,1,203,264,385,6,72,0,59,4,47,14,34,88,15,182,15,137,1,11,107,5,10,5,11,0,12,15
2020-09-03,97,174,34,1,8,33,1359,0,238,242,377,15,157,51,111,26,36,14,63,44,34,141,6,50,4,14,106,7,51,25,28,6,9,61
2020-09-04,90,196,22,2,3,18,880,1,385,190,350,11,281,53,49,4,65,9,35,65,30,125,32,77,0,4,130,9,43,27,72,0,2,9
2020-09-05,61,165,49,0,5,21,877,0,228,258,326,6,128,0,81,9,17,33,42,70,18,162,16,154,3,12,178,0,60,7,101,17,2,22
2020-09-06,78,141,85,1,22,11,1176,0,173,233,303,13,186,51,103,8,0,19,15,244,12,81,29,209,0,12,140,0,80,13,0,0,2,4
2020-09-07,19,173,77,0,0,14,1046,0,204,264,307,0,62,67,77,5,53,8,70,44,1,92,0,11,0,3,133,9,20,32,74,0,0,15
2020-09-08,12,164,59,7,3,24,1014,0,336,237,401,7,86,0,66,7,24,20,41,115,21,107,11,51,5,11,113,4,42,1,14,16,3,24
2020-09-09,98,174,37,2,3,50,1004,4,288,281,370,12,80,44,98,1,53,15,38,110,22,132,24,118,4,22,138,10,22,18,0,15,4,16
2020-09-10,106,111,42,11,3,50,1274,1,335,375,381,5,90,36,77,2,28,11,66,104,18,146,26,168,0,21,194,1,20,11,114,6,0,28
2020-09-11,145,144,46,7,30,49,964,5,272,566,362,8,152,33,74,2,17,9,55,37,21,131,34,151,8,2,182,7,117,49,54,2,0,2
2020-09-12,124,135,21,5,28,43,1205,5,291,386,384,11,153,46,97,5,21,13,73,103,20,121,33,52,1,44,224,3,12,67,62,3,4,11
2020-09-13,212,113,50,8,8,49,1380,2,157,282,249,7,174,36,33,4,33,16,33,123,44,103,35,56,2,0,212,14,57,0,84,8,20,32
2020-09-14,153,86,55,0,1,33,879,0,203,171,343,26,123,0,141,5,19,22,27,118,16,94,21,185,0,60,128,5,31,99,96,1,0,0
2020-09-15,140,68,62,1,9,26,1076,10,347,198,378,4,51,57,77,5,8,20,40,128,6,249,58,107,1,29,145,16,16,51,65,4,39,16
2020-09-16,95,49,138,11,4,48,1294,14,293,340,372,19,217,64,11,2,22,9,57,116,11,126,60,164,4,22,183,10,19,42,126,2,13,6
2020-09-17,109,63,121,10,30,41,1113,6,353,293,327,22,169,0,36,2,34,19,58,119,30,117,35,120,2,21,225,6,3,55,73,5,13,5
2020-09-18,116,51,141,1,13,53,1258,7,341,198,485,15,119,55,25,2,88,20,60,134,20,125,17,159,11,7,225,1,7,54,58,2,11,12
2020-09-19,175,85,128,4,7,74,988,14,470,271,379,21,111,50,78,3,45,53,38,159,22,97,59,167,8,21,303,19,41,48,205,1,2,22
2020-09-20,68,121,179,1,6,70,1138,14,427,303,336,6,60,44,85,1,12,19,71,106,41,95,68,174,23,13,298,0,15,60,50,19,6,60
2020-09-21,99,139,121,1,0,64,1352,0,680,238,368,1,178,28,82,3,85,25,47,181,22,100,36,36,1,10,160,19,49,21,27,1,0,2
2020-09-22,91,108,129,8,5,67,1236,0,575,228,341,11,114,0,85,11,23,11,48,201,12,98,38,121,9,24,253,3,37,71,73,25,11,4
2020-09-23,50,130,216,14,31,63,1133,9,516,257,338,6,196,92,82,29,117,24,110,204,6,87,90,124,14,16,188,21,2,87,138,10,17,48
2020-09-24,56,119,130,1,7,22,1044,4,804,434,343,16,195,39,63,18,11,39,83,302,22,96,71,165,4,21,231,4,0,0,266,6,18,0
2020-09-25,91,144,111,1,11,61,1171,10,734,331,293,34,392,43,33,6,147,18,44,208,33,94,79,169,6,15,195,6,0,146,110,21,21,45
2020-09-26,191,63,135,1,10,41,1322,16,386,364,279,11,219,0,40,7,93,28,60,141,22,98,180,193,21,12,262,3,73,131,77,4,6,5
2020-09-27,73,80,105,0,45,20,1217,21,437,258,220,11,140,11,77,6,55,19,82,216,25,97,82,120,0,15,203,0,0,39,113,46,8,33
2020-09-28,79,107,127,0,2,39,898,21,489,304,284,0,114,64,40,4,12,17,51,206,7,85,17,59,18,10,254,4,0,64,46,0,0,87
2020-09-29,146,106,82,10,18,49,1238,23,316,275,276,17,114,85,52,2,18,7,58,254,12,88,39,147,9,24,236,7,88,34,0,156,4,12
2020-09-30,83,133,144,14,28,36,1159,23,446,230,294,8,213,11,59,2,34,27,110,101,31,102,43,78,8,19,352,6,0,47,322,21,18,82
2020-10-01,112,141,100,10,20,37,1253,21,559,299,314,29,131,46,55,6,16,30,40,192,18,111,48,119,30,13,265,2,44,31,61,10,5,6
2020-10-02,188,130,82,16,9,20,1198,24,544,344,283,6,319,29,76,7,23,26,72,114,25,89,79,74,10,25,181,7,117,47,122,5,10,16
2020-10-03,73,105,135,19,2,72,1265,13,343,372,308,6,117,38,83,7,33,22,70,285,21,86,43,43,11,10,172,1,0,46,186,11,9,0
2020-10-04,67,111,169,5,4,19,1398,22,248,314,249,19,228,18,56,6,37,26,46,255,25,83,34,68,5,9,163,0,64,87,91,9,16,41
2020-10-05,70,83,139,12,24,22,1022,25,503,365,237,2,117,28,44,2,39,21,23,216,19,89,3,17,1,37,298,2,22,15,100,1,1,23
2020-10-06,118,99,100,5,6,20,1107,29,508,400,282,41,200,14,72,5,29,23,71,86,35,98,92,46,24,27,131,0,68,114,192,12,2,0
2020-10-07,72,105,80,10,4,20,1211,22,752,384,331,10,202,37,40,13,10,7,114,194,22,96,95,139,23,16,150,0,48,69,141,20,18,83
2020-10-08,169,107,122,2,12,51,1182,46,597,348,347,13,238,11,42,6,29,14,83,201,33,99,100,213,14,58,244,5,94,210,98,6,47,9
2020-10-09,123,138,141,14,11,56,943,45,504,412,310,28,135,24,81,3,0,28,63,295,19,95,63,101,11,0,204,0,0,100,116,10,19,2
2020-10-10,98,131,171,7,11,69,1259,30,268,410,310,80,131,17,53,5,75,7,66,245,40,88,58,163,13,31,231,7,124,37,44,1,7,7
2020-10-11,123,107,106,13,7,35,1389,22,205,318,269,81,194,34,76,8,22,19,33,350,54,85,91,176,16,11,310,0,39,125,150,15,7,7
2020-10-12,77,93,79,0,1,43,1211,13,286,239,296,0,66,26,26,4,72,15,45,166,5,87,59,81,1,16,209,16,13,20,0,0,0,2
2020-10-13,51,76,81,1,3,38,1054,38,565,466,315,14,108,11,78,13,22,8,66,172,9,89,109,98,17,15,163,5,6,43,142,23,7,0
2020-10-14,65,109,91,5,18,26,1038,30,442,286,299,17,210,9,55,11,19,26,60,351,45,88,66,149,10,42,300,4,5,0,224,15,2,10
2020-10-15,117,100,111,4,7,45,1071,23,590,472,267,29,165,27,76,0,39,25,58,363,11,90,100,113,21,17,181,1,12,156,111,7,1,1
2020-10-16,177,92,116,4,7,45,1045,26,424,443,291,25,94,31,68,14,69,33,53,484,62,89,48,107,0,29,278,5,8,118,0,5,7,4
2020-10-17,182,92,127,11,23,24,974,26,500,416,238,31,197,36,71,4,0,27,46,450,29,86,73,66,51,35,256,0,42,112,69,5,2,0
2020-10-18,115,74,130,16,15,40,971,14,211,356,242,15,382,0,39,23,68,31,39,263,26,83,226,131,17,13,284,0,40,161,71,3,3,3
2020-10-19,116,109,120,1,3,18,926,6,524,316,242,0,85,41,7,1,47,28,39,242,41,91,26,43,2,42,197,11,36,10,0,0,1,2
2020-10-20,98,75,79,7,35,13,964,39,472,449,300,23,68,27,42,0,32,21,47,168,22,90,26,67,39,36,167,11,20,17,129,15,4,0
2020-10-21,79,87,171,15,2,33,1000,22,657,374,327,0,183,13,20,20,97,32,99,279,27,87,81,97,36,44,313,10,7,35,0,4,13,3
2020-10-22,103,83,220,6,11,45,989,19,736,513,268,46,259,0,27,17,0,25,34,223,12,85,90,77,13,40,282,28,0,73,95,0,10,3
2020-10-23,90,78,145,0,33,28,952,24,504,571,295,31,223,51,48,9,114,20,73,257,45,91,78,61,12,62,276,7,26,97,49,0,19,0
2020-10-24,88,76,105,5,8,44,1062,26,421,284,289,36,241,20,46,5,81,6,65,300,44,84,72,65,12,29,380,1,68,21,57,7,15,7
2020-10-25,87,109,231,4,26,44,771,22,356,356,268,0,175,18,19,14,155,22,22,359,33,90,43,43,18,50,290,0,21,6,49,9,3,19
2020-10-26,40,67,120,1,0,26,906,9,431,156,296,13,106,23,2,2,138,26,16,269,23,93,10,14,4,45,205,4,0,6,167,1,1,2
2020-10-27,13,65,124,12,22,41,781,7,390,316,289,29,123,10,12,9,103,29,43,313,11,90,38,205,17,40,246,1,33,83,0,9,14,2
2020-10-28,74,68,170,7,23,45,844,32,403,318,246,14,214,4,70,14,135,27,86,276,44,92,143,120,10,43,253,3,13,106,125,3,2,2
2020-10-29,34,59,91,5,9,82,713,31,459,368,268,13,208,40,32,9,163,10,77,335,64,88,46,23,7,28,260,0,5,8,20,0,10,0
2020-10-30,21,65,107,3,32,59,612,11,320,195,222,17,205,11,44,7,67,16,43,301,37,89,24,41,0,37,161,3,0,48,62,27,0,10
2020-10-31,11,52,84,2,0,32,750,0,411,617,223,5,116,5,48,1,40,6,62,252,19,93,24,6,2,31,127,0,62,13,45,2,2,0
2020-11-01,21,57,90,4,1,16,608,0,245,458,253,22,168,0,25,4,17,24,54,225,21,91,120,25,19,26,31,0,11,40,0,7,9,4
2020-11-02,31,25,74,5,5,32,1024,0,341,248,284,0,86,37,12,3,22,2,18,178,24,79,3,2,2,33,11,33,0,0,0,0,4,0
2020-11-03,25,60,72,11,12,49,617,7,484,453,272,35,152,17,16,12,63,18,31,73,24,78,7,27,11,52,106,0,14,91,45,5,24,10
2020-11-04,44,73,90,34,18,40,768,5,516,547,239,19,146,20,15,15,34,26,70,170,8,79,42,70,17,48,172,2,0,18,0,1,10,0
2020-11-05,37,60,50,15,23,168,797,10,627,360,278,60,307,50,93,16,44,54,68,238,43,77,41,63,32,38,159,1,7,31,193,10,15,0
2020-11-06,71,74,104,15,17,25,672,15,587,613,289,79,190,49,63,7,42,21,94,235,1,78,79,26,25,44,143,3,30,66,0,12,8,1
2020-11-07,27,68,125,13,40,38,1118,18,476,489,269,83,265,42,50,11,43,32,83,167,52,76,73,125,25,39,165,2,10,54,0,162,17,5
2020-11-08,26,44,59,16,38,34,826,41,479,640,282,36,201,53,46,3,84,46,42,196,58,78,46,77,59,60,158,0,40,52,33,9,10,8
2020-11-09,3,68,120,0,4,32,716,36,330,619,234,0,75,35,10,4,28,44,26,126,44,75,4,58,0,86,13,4,11,8,0,35,1,4
2020-11-10,29,44,55,10,24,21,1013,11,748,680,272,0,123,20,59,6,0,11,51,112,30,76,92,48,30,0,151,3,29,23,0,0,8,0
2020-11-11,51,93,125,48,18,30,587,11,668,161,168,33,345,45,71,12,158,36,76,254,78,78,30,168,37,99,146,28,25,72,0,13,6,0
2020-11-12,27,89,100,23,13,79,831,15,733,608,270,13,235,89,49,13,97,28,72,198,37,79,42,26,12,95,116,0,44,11,100,12,12,5
2020-11-13,45,64,111,11,61,61,1033,20,801,1362,239,13,277,89,31,6,74,48,68,189,19,80,86,131,22,137,146,9,17,25,147,4,18,0
2020-11-14,20,48,166,15,37,51,1255,19,809,1222,256,12,146,36,51,24,21,27,64,244,65,78,58,69,8,87,130,6,25,31,177,8,7,0
2020-11-15,49,60,159,0,11,7,1165,16,309,1071,217,13,206,50,74,20,0,14,44,213,49,84,0,75,2,14,163,4,14,0,0,3,0,0
2020-11-16,21,7,0,2,2,67,1006,0,558,705,264,9,159,0,22,2,2,0,45,38,101,118,41,46,75,61,148,3,0,0,17,5,11,0
2020-11-17,43,2,0,15,14,90,1037,10,648,652,206,38,171,65,14,15,1,4,50,105,46,101,17,63,33,22,268,20,19,1,6,6,25,0
2020-11-18,18,69,54,12,21,153,1148,27,365,495,480,39,254,45,83,14,0,21,50,210,7,85,96,46,73,0,274,5,4,75,4,2,33,3
2020-11-19,50,88,159,23,21,108,1185,40,394,444,425,28,131,20,40,0,21,16,44,195,121,79,70,116,51,125,688,1,50,36,0,29,0,0
2020-11-20,21,61,128,10,15,68,1240,45,872,509,379,34,165,65,58,48,7,39,71,218,144,79,76,105,4,44,176,13,10,69,0,6,13,0
2020-11-21,42,94,182,8,62,56,1579,44,364,655,343,10,251,58,89,31,0,28,53,243,20,76,66,88,59,46,308,8,33,71,0,6,25,0
2020-11-22,18,103,122,9,31,77,1342,29,372,477,295,16,138,131,75,48,174,10,57,229,22,74,49,97,61,46,171,3,10,46,0,9,14,5
2020-11-23,30,68,171,11,5,82,1009,0,602,1005,365,10,132,85,11,10,273,15,33,33,25,83,14,100,37,60,113,2,16,31,0,2,8,1
2020-11-24,6,111,144,15,13,84,1015,41,299,928,354,31,90,51,21,89,45,14,47,58,25,81,65,95,81,67,138,3,0,76,100,2,1,2
2020-11-25,39,95,128,19,48,150,1273,45,741,1008,402,24,190,58,64,48,28,10,59,260,79,84,52,37,55,84,236,3,53,79,39,2,42,0
2020-11-26,24,111,145,17,30,103,1064,39,776,559,390,10,222,49,49,37,18,17,81,307,44,82,46,78,13,102,206,1,104,49,36,25,75,8
2020-11-27,21,82,191,20,42,89,1436,46,699,963,428,29,165,86,44,57,46,38,49,239,152,92,102,141,39,157,261,6,0,14,39,22,33,0
2020-11-28,11,99,234,18,43,138,1370,47,367,1118,453,27,220,86,56,33,26,32,38,186,47,93,73,92,30,125,170,7,41,35,28,30,27,18
2020-11-29,27,109,151,12,71,139,1431,46,228,2036,412,27,204,157,40,31,67,24,41,273,18,88,62,113,31,56,173,2,108,4,8,7,52,19
2020-11-30,10,89,262,8,2,41,1099,30,741,899,400,0,116,0,12,24,14,8,35,92,115,77,1,105,60,145,136,2,43,19,5,7,20,0
2020-12-01,9,109,154,34,19,110,1058,50,878,730,430,33,127,190,82,58,33,18,67,57,36,86,91,147,12,116,163,3,0,76,80,3,33,0
2020-12-02,10,202,121,14,12,122,1166,81,764,944,460,23,304,82,33,69,32,22,51,175,104,88,68,117,31,54,227,50,0,19,30,0,29,29
2020-12-03,44,230,131,30,59,189,1153,94,1648,767,564,24,313,157,54,30,77,12,77,191,88,86,77,136,72,54,179,25,1,6,1755,2,26,18
2020-12-04,14,122,130,81,90,181,1032,55,992,891,564,34,231,0,71,32,56,33,88,209,61,79,64,180,55,81,155,10,5,20,122,21,29,15
2020-12-05,15,91,143,26,35,167,1360,113,1086,758,539,32,238,260,96,61,86,27,58,161,29,78,63,158,57,65,114,6,0,19,52,16,18,0
2020-12-06,38,110,134,42,60,224,1331,19,1388,528,572,0,185,0,70,120,113,14,52,139,105,87,58,174,54,55,225,5,47,2,19,3,25,91
2020-12-07,4,102,133,14,11,99,1466,0,1171,594,545,31,89,209,28,46,45,25,63,114,78,85,36,345,56,34,164,6,46,7,48,2,58,0
2020-12-08,18,86,98,40,65,168,1194,77,731,768,542,25,256,194,62,36,50,9,68,88,47,87,21,112,41,64,171,9,0,9,123,9,21,3
2020-12-09,6,139,166,22,8,198,1217,70,908,735,718,57,279,229,83,31,12,57,40,125,57,80,75,157,61,80,235,0,39,56,59,8,27,24
2020-12-10,8,112,169,13,62,191,1180,32,960,998,796,25,109,205,46,58,72,20,58,140,135,83,1,219,9,65,139,9,11,31,37,7,33,0
2020-12-11,20,110,192,28,50,157,1232,39,1029,998,748,28,213,216,56,71,45,34,65,63,134,82,31,259,65,62,149,5,40,11,64,3,6,5
2020-12-12,29,69,204,39,90,227,951,63,1283,992,769,28,161,116,91,85,59,37,76,85,78,87,40,226,44,66,178,12,71,37,52,10,22,11
2020-12-13,15,72,136,49,51,151,1298,66,855,917,791,21,227,150,104,44,79,29,61,116,93,89,55,312,11,79,181,8,32,41,17,29,10,0
2020-12-14,4,77,138,13,28,111,1506,0,600,979,713,11,116,73,48,88,97,47,48,54,87,87,2,295,46,78,78,9,0,6,31,3,1,15
2020-12-15,12,73,166,39,80,160,1117,50,1256,764,735,13,393,106,48,74,20,34,73,39,58,74,57,78,39,73,176,21,137,11,110,21,12,1
2020-12-16,8,145,176,41,156,218,1221,23,1434,421,755,34,280,0,72,95,53,33,64,175,173,79,94,447,57,78,153,12,100,14,43,10,41,20
2020-12-17,8,132,181,50,80,224,1690,72,1277,620,855,37,235,95,95,79,82,31,79,114,121,84,29,333,39,103,288,8,190,15,26,27,43,12
2020-12-18,3,121,156,35,171,211,1587,20,987,354,819,31,280,112,82,85,11,19,123,110,206,89,54,531,53,90,184,7,0,43,28,11,65,11
2020-12-19,12,96,180,32,51,216,1899,34,1132,998,752,36,269,154,78,60,49,35,89,135,164,86,59,391,38,95,372,14,45,38,32,39,71,0
2020-12-20,4,99,194,53,75,210,1592,35,1052,878,724,23,155,137,88,119,0,23,84,127,157,82,72,489,73,112,121,62,64,11,17,18,29,3
2020-12-21,18,135,190,21,54,186,1466,19,716,997,837,0,211,296,43,99,154,57,66,122,99,90,6,559,26,132,76,54,21,43,32,10,13,0
2020-12-22,29,117,239,33,22,242,1311,36,925,895,706,19,182,142,66,44,33,39,94,48,31,73,59,539,33,73,116,5,10,8,33,12,86,47
2020-12-23,30,122,185,50,31,219,1954,39,903,912,834,22,418,101,90,87,45,22,109,160,67,76,38,524,54,111,96,8,16,31,28,30,52,50
2020-12-24,14,123,154,68,60,253,1933,38,702,891,734,26,372,90,95,43,17,42,81,100,103,80,69,520,45,78,214,9,42,32,41,63,37,30
2020-12-25,15,112,166,79,109,256,2096,28,903,911,822,22,218,88,93,90,78,24,89,100,65,75,35,411,39,65,79,4,36,42,22,7,16,64
2020-12-26,19,96,241,54,2,274,2058,0,601,871,803,0,288,80,63,56,15,32,81,75,43,75,4,547,42,65,93,3,34,15,51,15,0,44
2020-12-27,13,66,150,75,100,183,1997,20,892,785,738,17,200,85,45,91,8,16,95,60,69,78,26,262,54,91,117,3,33,14,92,24,29,0
2020-12-28,16,138,120,61,20,210,1678,11,403,977,784,0,109,43,21,202,33,53,78,16,79,82,4,337,41,78,81,8,43,3,26,9,17,73
2020-12-29,9,172,121,54,17,282,2056,30,1329,1056,789,22,314,74,61,166,22,11,84,83,56,85,15,568,81,102,116,6,10,5,46,19,30,12
2020-12-30,6,157,172,90,40,296,2053,35,1233,951,896,15,319,56,74,56,35,65,110,125,34,89,63,538,169,64,141,6,0,5,31,18,53,7
2020-12-31,4,179,269,55,72,257,2022,35,1024,939,935,25,364,68,66,54,27,65,92,117,88,83,38,479,195,85,110,11,29,33,55,27,26,146
2021-01-01,7,101,287,80,68,233,1956,36,1504,897,887,18,298,95,99,35,19,60,74,147,53,84,79,550,65,80,147,2,32,16,11,13,14,25
2021-01-02,8,165,246,60,19,291,1894,33,1167,971,723,0,213,59,17,50,19,59,45,38,60,86,33,590,66,115,68,9,18,17,23,6,35,0
2021-01-03,2,119,136,60,45,218,1658,26,1232,928,599,24,305,64,71,114,13,21,53,61,81,89,34,595,67,81,81,5,9,15,27,24,19,1
2021-01-04,5,118,158,50,24,146,1832,14,1079,1037,709,0,185,24,20,166,63,43,54,24,58,92,17,510,52,62,110,9,6,11,36,22,4,13
2021-01-05,8,167,164,51,20,297,1824,20,1100,996,727,29,281,60,81,89,30,13,66,72,35,86,30,639,94,82,160,22,35,31,67,4,57,8
2021-01-06,29,191,188,78,42,272,2402,41,1470,1023,845,24,375,66,88,205,25,42,99,178,42,87,34,463,162,87,169,20,3,12,58,10,24,0
2021-01-07,31,189,364,47,121,355,2398,57,1416,998,948,26,479,76,93,178,22,59,63,171,81,83,49,366,157,92,139,25,1,32,47,33,79,46
2021-01-08,42,231,253,75,32,379,2959,72,1824,1071,1025,33,512,114,89,63,26,37,102,167,77,92,62,588,158,122,192,12,0,25,70,47,51,15
2021-01-09,16,189,275,71,39,301,2753,44,1731,1033,994,47,394,54,98,82,60,70,89,182,142,89,56,580,131,119,134,13,33,23,75,86,31,12
2021-01-10,15,169,272,96,49,282,2711,31,1468,1045,1004,29,393,94,120,67,34,68,51,5,170,90,99,585,145,97,166,52,22,27,32,99,45,8
2021-01-11,10,253,177,91,7,285,2461,14,1475,1049,792,0,227,60,114,134,19,43,48,0,152,95,29,616,116,135,88,9,70,26,63,11,12,11
2021-01-12,48,350,174,36,27,268,2669,34,1540,1323,844,35,338,68,34,162,32,58,74,111,77,90,70,637,252,193,266,23,0,32,42,72,37,31
2021-01-13,24,268,185,88,51,319,3476,78,1755,1475,815,33,507,74,69,134,28,33,80,170,94,96,91,648,113,108,138,54,0,24,61,18,171,0
2021-01-14,11,297,240,62,17,291,3165,80,2201,1497,981,25,407,71,101,79,51,83,98,269,100,89,72,640,107,96,93,24,4,14,50,143,56,43
2021-01-15,16,311,281,45,27,262,2541,51,3095,1993,1198,34,598,84,107,62,26,58,92,191,128,98,35,649,248,166,170,25,46,20,99,2,57,3
2021-01-16,17,319,257,69,35,302,3536,36,3460,1997,1160,56,570,97,108,191,63,72,78,182,179,74,75,659,87,114,96,16,38,57,98,0,118,8
2021-01-17,18,262,283,85,40,277,3395,52,1491,1855,974,26,454,95,112,25,29,60,76,168,140,78,64,674,63,118,188,24,41,12,32,0,67,9
2021-01-18,2,238,245,60,2,295,2361,29,1485,1559,848,0,354,40,13,40,85,35,54,35,145,74,16,661,30,85,88,19,29,21,31,0,101,6
2021-01-19,16,247,183,43,25,287,2563,49,1684,1613,972,45,463,65,68,188,30,65,104,108,119,78,48,658,134,124,167,15,32,12,109,16,7,28
2021-01-20,18,494,286,55,20,287,3786,32,1814,1775,955,32,543,62,32,191,34,64,110,167,235,80,39,661,132,174,122,85,7,8,60,2,192,14
2021-01-21,11,483,236,79,50,456,3151,71,1228,1976,1134,25,496,54,106,49,30,90,101,181,92,83,77,645,80,128,137,7,17,48,90,241,44,7
2021-01-22,15,313,320,103,15,478,3792,62,2441,1796,1056,49,580,65,107,84,60,55,71,127,159,84,92,629,200,120,122,36,0,24,185,104,275,13
2021-01-23,11,253,357,94,55,473,3285,36,1809,1875,919,37,609,86,137,243,15,88,91,111,150,87,65,188,200,145,112,24,55,22,69,203,271,16
2021-01-24,18,292,410,75,15,210,3512,38,2328,1515,901,20,432,134,120,76,23,83,89,123,241,88,43,205,203,165,153,3,39,25,65,68,74,3
2021-01-25,0,186,289,118,15,310,2451,26,2022,1513,888,0,325,45,133,84,32,57,89,44,139,92,12,606,108,108,44,27,7,31,18,47,121,7
2021-01-26,5,542,525,79,18,325,2314,39,3924,1678,967,33,557,31,97,110,28,50,134,31,200,90,33,348,156,126,132,31,49,20,136,61,221,4
2021-01-27,14,540,302,90,17,427,1836,60,3198,1797,1064,31,756,62,62,61,18,107,87,100,146,93,38,282,165,148,129,30,1,32,70,57,127,1
2021-01-28,18,366,44,95,13,359,2889,65,4532,1507,1022,13,459,62,103,45,37,100,82,110,146,95,61,679,233,118,116,12,13,22,0,108,116,55
2021-01-29,21,415,326,117,16,414,3448,46,3835,1495,1006,31,667,133,120,23,27,83,86,71,116,91,37,334,116,146,96,22,32,32,212,79,93,16
2021-01-30,22,253,300,123,30,317,3491,44,4601,1237,830,41,701,76,130,201,26,58,64,84,130,92,46,663,271,145,89,16,19,36,64,116,163,39
2021-01-31,4,238,271,55,22,254,3474,37,2848,1115,856,18,658,66,124,15,100,96,80,87,95,91,58,666,130,134,130,10,46,21,22,99,56,25
2021-02-01,2,253,34,69,4,222,3614,0,2966,974,693,0,366,62,74,108,50,48,66,44,74,97,16,649,64,147,21,31,46,4,11,48,134,3
2021-02-02,22,309,37,38,13,226,3362,53,2068,1116,847,37,443,99,87,114,26,0,62,37,103,136,31,95,275,165,78,45,8,25,76,114,173,59
2021-02-03,14,261,129,97,12,312,3567,60,2241,1783,736,27,903,19,104,278,19,6,60,129,72,135,26,161,155,124,104,12,1,36,69,190,112,30
2021-02-04,10,216,26,121,13,321,3632,48,2020,1775,679,33,732,50,111,71,36,0,29,97,63,126,47,300,207,98,92,30,20,5,145,100,158,23
2021-02-05,9,508,67,115,6,280,3340,56,2117,1884,799,25,798,80,128,50,25,1,68,58,17,115,31,226,173,114,68,33,31,13,63,48,389,14
2021-02-06,13,197,47,135,6,217,2379,37,3971,1601,745,42,607,67,140,188,19,22,58,95,106,99,34,495,184,115,70,0,29,14,67,148,198,11
2021-02-07,14,381,90,95,8,145,4213,25,1988,1064,557,23,501,61,117,63,31,0,71,129,92,169,48,272,37,114,93,10,23,13,57,88,213,22
2021-02-08,11,260,41,95,6,206,3144,2,1500,826,585,0,344,43,80,134,10,141,71,42,31,146,7,136,32,61,62,21,11,30,50,31,83,0
2021-02-09,47,453,65,28,12,228,3437,22,775,948,440,35,550,32,115,104,51,87,62,51,96,174,17,166,76,98,73,39,5,28,63,179,113,31
2021-02-10,3,305,30,89,7,291,3309,45,660,1220,603,19,498,30,145,55,37,80,74,141,34,224,12,180,63,106,173,40,30,23,101,23,90,26
2021-02-11,17,371,40,160,11,261,2514,33,1059,986,1044,27,643,31,139,63,25,63,40,85,162,131,20,128,38,66,89,49,10,16,41,27,32,14
2021-02-12,8,312,147,114,17,278,3810,30,683,664,776,33,931,78,136,65,11,36,56,123,72,168,26,676,35,76,96,58,0,35,66,39,185,29
2021-02-13,1,156,114,133,9,113,3018,33,1737,763,560,10,314,101,144,139,20,17,57,81,84,154,8,381,77,75,47,27,74,8,55,95,235,4
2021-02-14,4,139,74,130,18,108,2496,34,882,478,516,19,330,36,97,79,33,13,66,77,56,126,15,354,57,89,67,22,33,24,15,7,252,19
2021-02-15,0,274,179,138,5,135,1879,9,947,881,432,0,362,41,146,185,8,3,51,14,97,134,8,160,49,68,56,9,0,27,17,14,115,19
2021-02-16,0,274,351,54,17,167,1861,24,4032,1101,473,37,322,50,139,75,14,57,52,54,17,109,11,319,31,78,80,8,22,8,2,38,130,22
2021-02-17,0,374,334,116,9,227,1445,22,4124,869,580,26,452,32,151,60,13,61,55,71,4,128,14,116,44,75,22,22,5,48,8,73,103,4
2021-02-18,32,306,86,127,5,255,373,55,4420,676,559,32,518,86,120,120,25,38,44,112,27,99,28,273,93,75,109,4,19,25,33,31,224,10
2021-02-19,13,330,73,85,14,263,1920,10,3847,1206,572,26,718,99,180,60,11,58,50,90,56,127,17,221,46,71,69,1,27,14,143,17,133,47
2021-02-20,8,202,73,132,19,201,2872,20,975,805,601,35,552,95,183,20,17,39,88,81,56,99,15,202,45,98,133,19,12,28,118,29,176,6
2021-02-21,1,326,249,55,13,175,2720,21,1021,487,446,30,406,148,162,11,24,50,52,71,42,97,22,180,23,73,197,1,3,21,40,14,101,18
2021-02-22,1,278,113,71,22,138,2466,20,3812,1047,434,0,404,64,107,95,22,75,45,29,23,97,28,258,185,92,51,15,44,31,91,6,137,2
2021-02-23,29,288,251,41,42,228,782,26,4334,827,546,28,431,75,101,193,16,33,60,60,11,139,7,506,7,94,116,10,9,32,76,89,195,10
2021-02-24,26,307,41,236,16,201,782,56,2191,1262,580,27,423,62,133,8,15,20,57,87,15,122,10,388,25,68,110,12,14,52,40,10,95,2
2021-02-25,10,263,263,45,11,228,1581,28,2546,820,556,32,394,52,179,47,8,44,75,83,18,153,16,423,67,68,133,5,30,33,51,7,202,22
2021-02-26,8,330,237,70,20,174,1661,24,2314,653,541,39,485,112,186,12,19,65,39,97,66,130,10,339,85,68,69,6,24,37,160,17,116,19
2021-02-27,3,151,35,44,13,228,1737,83,876,630,445,27,378,97,187,185,11,32,60,81,42,119,14,249,47,82,49,1,28,33,93,6,140,2
2021-02-28,7,239,46,47,6,170,2098,32,770,327,324,39,374,74,170,72,7,67,36,84,13,110,4,84,12,68,63,0,0,33,55,3,108,18
2021-03-01,2,165,21,27,3,144,2058,1,1662,657,341,0,437,73,206,112,13,50,56,22,19,138,11,141,74,73,55,5,0,18,41,11,40,4
2021-03-02,14,167,97,26,13,150,578,45,1654,984,412,22,310,84,187,48,9,5,44,71,5,129,7,178,34,50,89,0,37,29,81,32,117,4
2021-03-03,13,198,72,61,33,229,1436,9,1895,548,430,34,349,94,179,28,6,9,50,105,21,134,19,263,66,59,79,43,23,47,116,2,141,17
2021-03-04,10,268,11,32,12,228,2009,44,1731,591,404,41,512,68,167,65,12,6,43,87,18,136,3,196,77,56,87,6,25,27,163,3,103,23
2021-03-05,9,214,515,50,15,175,1159,7,1786,949,404,29,293,152,197,30,19,41,63,87,11,99,8,196,13,45,129,4,9,27,63,14,150,9
2021-03-06,16,153,13,75,8,89,1616,17,1094,586,393,73,396,122,171,61,13,3,58,92,27,87,2,165,34,41,68,12,38,44,53,4,130,13
2021-03-07,4,147,12,37,10,149,1834,20,1366,395,328,67,351,118,196,29,13,16,65,60,32,78,5,190,38,48,134,10,2,15,5,7,43,2
2021-03-08,7,200,591,62,40,167,1783,6,1739,871,328,0,142,70,160,40,17,2,65,8,1,94,9,79,26,53,64,17,15,12,89,3,134,0
2021-03-09,26,256,100,49,8,176,867,20,1787,898,391,50,260,133,126,75,3,11,32,83,10,98,13,92,55,60,109,33,9,57,360,6,136,0
2021-03-10,0,254,138,22,9,178,1040,18,1570,304,399,43,296,94,112,34,14,25,63,101,23,90,5,220,39,58,107,35,3,30,181,0,114,14
2021-03-11,19,156,49,54,11,128,1754,9,781,251,341,42,438,47,196,46,18,0,37,87,3,92,14,108,33,46,111,0,9,37,153,8,66,0
2021-03-12,6,197,484,63,27,203,1873,29,1357,497,341,23,206,62,199,137,3,1,33,57,2,83,0,133,47,42,58,1,10,28,55,4,128,23
2021-03-13,14,158,247,68,3,188,1034,21,925,192,346,84,264,97,197,2,4,20,43,68,24,91,2,89,12,43,66,12,0,45,47,9,141,51
2021-03-14,5,0,315,86,20,90,1204,0,1133,144,278,97,206,125,204,32,27,69,20,93,14,88,3,67,40,48,169,13,22,37,32,3,23,7
2021-03-15,0,100,290,49,9,140,1555,5,1334,700,257,0,205,125,175,45,4,42,57,22,4,102,3,54,30,47,69,20,4,8,45,3,83,3
2021-03-16,10,77,247,91,15,170,835,36,1617,560,291,82,244,83,191,37,2,1,55,55,0,79,7,117,24,43,117,27,6,27,70,2,193,3
2021-03-17,6,227,861,50,35,270,1330,25,1347,647,321,79,240,153,158,69,37,34,45,135,9,88,12,139,25,41,82,9,4,43,65,3,220,16
2021-03-18,10,306,293,59,8,257,1719,35,1261,658,339,51,328,75,118,29,8,67,39,105,10,87,5,146,24,37,108,9,14,37,126,1,167,34
2021-03-19,16,207,324,58,20,161,1588,32,1361,611,305,30,270,113,197,45,19,28,40,109,14,85,6,142,55,10,132,19,4,25,110,14,96,3
2021-03-20,15,130,233,165,10,242,1937,25,822,219,289,40,221,88,215,45,12,41,52,77,12,86,26,60,42,84,219,10,10,42,40,0,160,17
2021-03-21,0,186,211,95,13,95,1638,22,517,102,292,39,218,201,228,21,5,33,54,87,4,53,17,49,21,58,49,0,4,37,5,3,37,2
2021-03-22,20,174,440,84,3,143,1474,14,1253,741,270,0,71,87,207,106,33,64,45,41,16,85,0,53,84,36,74,7,4,15,20,2,76,2
2021-03-23,15,182,298,44,35,205,815,19,1216,732,238,39,235,148,140,41,15,15,27,90,0,97,2,65,70,37,167,3,21,24,59,0,169,34
2021-03-24,13,189,258,68,24,254,890,24,1329,403,289,42,275,161,190,16,31,38,51,89,0,91,3,77,33,51,125,7,26,15,66,1,98,0
2021-03-25,6,201,91,101,7,258,1726,48,1172,505,348,32,320,107,236,37,42,41,118,111,29,74,1,68,24,51,120,0,33,22,116,1,54,7
2021-03-26,15,178,176,52,8,232,1381,15,855,262,340,54,252,95,215,48,17,17,89,115,17,79,6,32,34,43,169,9,6,18,89,0,43,21
2021-03-27,21,145,220,75,5,140,1354,45,476,141,275,66,199,183,267,27,25,35,84,110,19,80,13,34,13,48,112,7,15,44,121,1,53,8
2021-03-28,12,121,79,94,27,127,1470,53,534,100,266,10,164,111,248,59,20,6,101,106,5,69,4,35,18,35,125,4,3,31,15,3,20,8
2021-03-29,8,144,328,63,10,106,1014,46,1610,388,251,0,124,72,275,15,11,32,91,41,2,74,4,46,26,61,69,6,0,11,50,1,27,2
2021-03-30,9,169,319,89,52,283,384,20,911,649,279,40,246,79,221,34,8,60,91,106,8,69,7,104,45,51,132,12,12,15,52,0,116,10
2021-03-31,30,200,950,68,35,272,965,27,975,497,301,53,200,168,267,25,23,42,102,126,4,95,7,94,40,29,160,6,0,19,58,1,90,8
2021-04-01,11,172,905,100,23,176,1337,62,904,670,281,39,214,63,262,22,31,15,133,134,5,65,6,83,32,43,199,3,6,23,13,1,86,23
2021-04-02,9,169,850,46,7,254,1240,42,661,239,274,53,238,104,283,16,32,17,75,150,5,61,2,19,18,72,203,0,12,30,52,3,79,10
2021-04-03,6,141,910,83,6,118,1098,32,360,274,230,49,138,90,154,62,56,21,39,86,11,64,0,54,14,44,116,0,3,15,21,1,30,19
2021-04-04,4,255,3501,60,38,123,736,23,338,195,221,48,154,92,290,43,10,19,41,57,0,73,8,58,18,28,217,0,0,18,17,3,32,11
2021-04-05,11,187,259,102,14,135,523,21,910,496,230,0,90,106,153,7,44,32,54,51,1,74,0,31,48,28,85,1,2,11,6,0,0,0
2021-04-06,13,236,187,62,28,233,487,60,964,651,295,36,197,70,153,14,23,7,49,105,11,77,10,209,16,38,214,8,11,20,30,1,27,7
2021-04-07,39,210,163,72,42,272,862,47,811,535,346,40,163,81,140,6,34,26,70,129,6,76,5,227,57,44,222,11,6,26,60,1,15,16
2021-04-08,42,205,121,95,68,220,1239,50,673,796,297,44,153,64,301,0,26,43,90,215,11,71,16,153,23,39,300,2,9,31,75,3,29,0
2021-04-09,28,207,143,71,47,222,1013,50,931,569,308,77,205,111,281,42,58,25,79,145,0,79,1,80,55,49,231,0,2,27,66,6,42,15
2021-04-10,20,153,99,54,16,230,977,8,997,280,277,73,187,114,257,27,25,17,94,155,1,78,1,96,20,54,265,4,1,15,73,3,45,7
2021-04-11,7,115,105,183,45,130,1031,20,747,205,249,52,202,143,241,10,38,19,52,114,14,75,2,30,8,52,191,0,7,10,20,0,0,10
2021-04-12,24,169,331,81,6,131,692,5,1470,737,251,0,97,76,82,17,24,32,63,57,0,69,1,43,49,68,146,0,24,8,30,3,42,1
2021-04-13,28,150,183,117,25,232,828,40,1456,859,249,80,158,107,142,14,87,5,60,101,15,67,2,94,55,79,253,3,2,61,12,6,116,16
2021-04-14,26,121,86,144,15,292,661,51,1568,716,262,92,196,82,256,17,45,20,78,174,3,60,2,118,61,58,335,6,18,30,0,1,55,7
2021-04-15,40,202,81,188,46,221,1330,49,1216,841,294,88,185,85,221,28,129,31,63,158,25,68,2,93,27,48,269,3,0,14,63,1,52,16
2021-04-16,22,211,152,146,55,218,979,53,998,669,290,98,127,116,153,7,66,86,77,168,6,66,6,45,26,67,235,2,5,28,44,4,131,7
2021-04-17,35,169,102,94,54,158,1037,68,832,518,285,97,209,117,156,15,69,33,126,206,3,63,4,35,70,70,320,6,13,27,13,1,24,12
2021-04-18,43,172,50,114,95,143,950,48,769,396,241,78,186,92,186,55,88,0,101,204,2,61,12,22,7,88,330,4,13,17,6,1,4,7
2021-04-19,13,154,75,76,27,170,973,25,1421,678,253,0,116,78,31,17,26,52,111,89,6,69,6,17,81,91,227,1,2,8,29,4,26,0
2021-04-20,52,207,109,152,50,210,460,74,1399,682,258,77,149,142,147,24,86,18,93,176,2,67,8,78,15,107,410,5,1,13,15,6,248,9
2021-04-21,64,196,70,162,86,229,602,56,1004,673,303,98,187,97,95,10,60,42,112,514,1,68,1,65,26,88,460,11,10,12,24,10,284,0
2021-04-22,87,168,102,133,20,257,1266,87,1358,600,291,99,180,71,206,24,85,16,119,286,21,66,10,20,7,63,419,1,0,30,13,7,125,6
2021-04-23,91,138,173,339,90,137,884,43,1066,374,300,92,188,85,197,19,50,1,101,232,65,65,10,27,38,80,477,3,8,24,8,2,27,2
2021-04-24,46,124,58,167,40,149,907,65,630,317,257,96,149,119,173,11,101,0,125,295,6,64,3,14,46,68,421,6,0,20,5,3,53,6
2021-04-25,24,66,80,263,114,223,896,29,683,247,236,39,165,81,56,16,148,3,144,234,46,62,2,7,9,81,404,5,8,3,8,6,14,0
2021-04-26,67,105,220,194,42,184,749,42,1941,646,247,0,82,97,16,23,137,58,99,93,3,69,3,14,39,67,614,0,0,11,2,0,71,9
2021-04-27,70,150,227,160,70,164,393,32,1164,354,237,56,158,57,98,24,75,59,93,212,4,63,6,57,39,69,383,1,0,38,14,1,128,0
2021-04-28,71,166,60,160,65,292,639,97,1354,224,297,63,186,118,74,21,105,49,137,220,4,66,11,18,48,115,479,1,2,33,12,4,31,19
2021-04-29,82,132,110,238,44,259,987,92,1119,592,325,99,145,62,65,13,118,36,117,281,5,67,8,27,51,97,579,0,0,21,18,0,32,12
2021-04-30,78,137,72,226,43,262,789,74,1179,400,316,73,161,111,207,9,114,65,126,162,3,68,5,31,58,61,521,2,13,9,27,0,90,8
2021-05-01,124,142,53,200,102,128,926,60,754,198,231,98,137,108,88,7,180,18,147,179,6,59,7,25,20,66,377,0,0,32,0,3,31,6
2021-05-02,68,86,55,93,75,180,854,78,672,179,206,95,52,49,12,34,145,29,130,270,1,64,0,4,14,75,583,0,5,12,0,22,252,0
2021-05-03,56,105,126,82,7,157,757,82,1292,531,215,0,84,74,34,18,153,129,113,58,0,68,0,13,56,95,341,3,14,1,0,2,61,3
2021-05-04,98,150,112,167,54,159,416,50,912,375,290,117,137,101,56,17,134,30,111,144,6,63,4,21,22,52,483,1,0,21,3,0,59,4
2021-05-05,91,128,73,125,35,232,845,102,995,530,271,116,137,91,108,3,94,26,129,263,2,71,10,6,29,77,570,7,18,23,18,1,55,4
2021-05-06,107,146,65,168,50,229,905,84,1038,353,255,120,104,74,64,8,253,19,130,416,0,81,2,17,47,67,520,2,7,10,22,0,273,11
2021-05-07,113,114,68,197,65,184,783,87,1953,524,232,133,105,84,144,16,94,28,142,283,7,95,7,27,36,53,628,3,0,30,2,1,89,0
2021-05-08,100,113,81,267,76,137,732,88,2209,140,225,74,109,125,108,3,112,23,150,300,9,82,0,17,11,77,653,0,19,10,1,0,77,2
2021-05-09,28,103,61,184,37,140,809,75,492,138,230,124,88,90,64,16,92,2,140,322,0,76,3,11,5,54,454,1,3,8,17,3,52,0
2021-05-10,68,74,92,112,18,142,694,71,1070,854,206,65,92,61,22,4,109,29,131,177,1,89,2,27,18,44,551,0,0,6,0,2,60,0
2021-05-11,100,101,82,143,16,154,406,64,1373,540,257,88,76,58,46,11,147,15,100,231,6,83,8,26,57,85,587,2,1,21,2,3,125,7
2021-05-12,128,97,56,211,50,217,656,60,814,109,248,138,126,79,85,0,125,21,126,443,9,78,7,11,66,88,523,0,0,23,3,2,9,0
2021-05-13,26,94,34,73,35,105,785,14,400,480,148,103,83,59,27,0,98,5,99,94,26,82,0,2,2,49,513,5,0,2,0,0,4,1
2021-05-14,5,47,39,65,29,97,632,64,610,162,141,107,13,55,19,9,98,12,67,0,0,86,0,6,16,29,112,0,32,3,0,0,77,1
2021-05-15,57,45,22,41,4,94,227,0,723,248,183,67,52,27,1,3,190,5,74,0,0,76,0,2,4,65,146,7,7,5,0,5,5,0
2021-05-16,35,74,66,75,8,135,161,22,792,346,164,97,56,46,37,1,222,18,77,141,0,80,0,4,0,58,355,1,0,6,0,0,0,3
2021-05-17,91,74,53,108,4,136,421,21,1361,673,202,72,59,57,25,4,106,12,106,127,1,91,1,20,14,60,317,0,20,1,0,3,53,2
2021-05-18,128,79,29,131,26,155,219,5,1119,561,227,133,138,83,42,5,164,50,68,230,0,95,1,22,17,55,321,4,0,20,0,2,50,6
2021-05-19,147,112,53,164,35,227,611,45,1219,404,254,117,128,82,55,38,137,54,75,295,3,92,5,39,8,64,385,2,0,6,0,0,10,5
2021-05-20,199,83,87,194,37,269,895,83,1332,550,259,128,100,94,81,33,205,16,95,349,7,98,15,57,8,69,421,8,7,6,0,0,12,0
2021-05-21,176,100,62,240,80,198,856,67,1085,653,244,117,87,92,85,30,236,35,120,362,2,97,1,54,7,86,512,2,8,30,0,1,16,5
2021-05-22,135,50,66,190,60,138,932,63,997,486,233,84,99,96,48,33,174,30,204,301,11,87,0,3,15,70,639,7,0,5,0,1,36,3
2021-05-23,104,68,36,183,70,152,867,55,970,360,228,118,103,96,73,46,215,26,194,381,8,84,1,41,12,104,592,9,5,24,0,0,50,5
2021-05-24,167,62,49,135,8,149,819,76,1420,905,227,83,105,68,29,52,247,24,130,154,0,99,2,14,21,94,665,4,0,2,28,0,67,2
2021-05-25,185,55,89,166,30,215,384,59,1024,696,217,114,112,71,43,34,191,17,129,271,1,97,2,51,15,84,642,4,42,2,0,0,10,8
2021-05-26,267,59,44,271,27,190,617,77,660,548,257,121,82,91,82,13,190,22,159,290,4,85,0,9,17,75,739,2,0,14,0,0,21,1
2021-05-27,230,31,156,132,19,186,940,74,1370,694,218,119,64,60,56,4,411,15,157,313,4,95,1,33,7,56,810,0,9,2,0,0,1,11
2021-05-28,260,61,53,183,66,180,602,63,1206,668,246,98,68,82,68,30,219,451,152,172,0,89,6,32,18,85,503,3,0,19,0,3,175,1
2021-05-29,293,49,72,176,81,211,898,79,927,1050,255,99,146,155,110,17,456,40,165,361,1,82,7,18,35,98,652,2,14,8,0,0,2,6
2021-05-30,270,42,46,245,70,176,1064,90,639,1007,217,133,140,111,74,3,294,76,122,269,4,72,7,61,14,89,726,16,0,2,0,0,25,11
2021-05-31,116,44,153,130,18,158,726,84,1316,881,249,38,89,73,15,33,161,237,142,131,3,98,1,8,3,99,473,6,3,20,0,0,150,4
2021-06-01,122,28,119,90,40,219,519,66,892,851,225,108,90,64,43,25,227,82,150,185,4,95,4,3,6,97,452,1,0,9,0,0,8,0
2021-06-02,101,33,69,100,13,268,601,86,930,739,239,105,64,81,12,11,351,124,129,224,7,93,0,50,30,90,615,3,0,5,0,8,61,4
2021-06-03,214,46,100,159,30,206,714,66,1176,687,260,86,94,128,56,17,217,67,161,177,5,96,2,38,6,100,380,4,3,16,0,9,33,0
2021-06-04,209,51,142,279,67,299,906,85,952,887,301,123,113,119,53,18,200,77,156,306,8,97,1,13,21,74,593,4,37,11,0,49,233,2
2021-06-05,206,28,89,149,53,150,1317,81,993,1092,244,124,79,90,48,24,372,28,158,467,7,80,10,41,6,83,507,8,1,7,12,10,29,1
2021-06-06,196,27,47,52,63,295,1019,108,869,890,276,104,75,45,72,11,273,20,127,388,13,74,1,26,6,94,528,10,8,33,0,2,70,10
2021-06-07,130,36,100,68,35,253,1197,126,1790,1451,301,0,40,90,9,5,151,60,126,239,1,99,5,31,8,119,313,7,25,1,0,0,177,0
2021-06-08,157,36,142,113,26,237,755,148,1073,1489,389,95,90,127,17,9,218,72,122,141,7,95,7,98,53,103,345,13,0,16,16,1,84,0
2021-06-09,226,37,103,108,24,304,1376,136,1562,1457,401,158,84,67,28,8,407,49,152,259,10,93,5,66,7,112,402,8,5,6,20,13,26,6
2021-06-10,247,61,188,89,33,455,2091,132,1334,1535,425,149,108,106,102,20,307,37,154,353,10,211,19,45,14,97,438,8,5,2,34,5,63,15
2021-06-11,284,46,214,97,64,417,2293,91,1302,1026,441,144,78,66,34,10,300,20,128,278,14,115,8,32,10,89,387,6,27,15,30,2,10,5
2021-06-12,108,22,214,57,43,436,2455,145,876,915,358,146,78,120,23,7,282,20,184,232,0,99,6,36,8,96,388,10,1,13,20,13,50,4
2021-06-13,159,44,198,43,103,466,2769,133,1242,2579,418,136,109,97,29,33,215,10,144,267,2,73,8,17,9,113,322,13,31,14,8,0,60,4
2021-06-14,166,48,255,44,15,428,2722,104,1532,1400,403,0,62,46,13,5,120,6,88,111,22,193,3,8,7,128,163,8,3,10,4,2,70,0
2021-06-15,155,55,141,75,34,438,1502,128,1793,1658,499,114,133,95,21,26,219,43,152,154,19,120,11,41,11,109,311,26,16,15,11,4,12,18
2021-06-16,133,67,157,91,49,534,2376,124,2599,1251,702,121,145,94,57,17,351,5,138,214,0,136,11,32,16,62,326,8,43,30,4,2,49,2
2021-06-17,140,65,168,92,30,595,4144,132,2800,1752,722,144,177,85,93,36,307,17,121,188,17,162,11,62,23,92,331,7,24,44,28,6,9,0
2021-06-18,150,95,249,73,70,592,4737,157,2791,1331,731,140,145,119,28,53,278,23,135,241,16,137,41,63,22,88,353,28,0,41,11,4,20,28
2021-06-19,116,155,278,81,81,638,4895,146,2104,1877,693,147,152,88,48,13,341,39,119,135,19,122,22,67,39,117,284,16,15,33,6,5,6,9
2021-06-20,93,106,228,49,85,665,5582,105,2009,2195,739,147,147,75,20,40,337,15,143,131,0,108,29,50,20,141,274,1,69,58,6,26,34,10
2021-06-21,47,91,333,41,46,662,5014,119,2719,3252,719,97,162,70,5,9,227,23,111,70,16,280,3,35,19,119,148,6,0,6,12,2,7,66
2021-06-22,63,127,462,89,101,675,3221,141,3432,2439,746,125,245,135,37,40,153,11,151,188,39,298,64,130,23,72,224,36,40,24,37,3,97,0
2021-06-23,156,187,275,90,106,694,4693,103,2910,2595,873,155,227,96,77,84,309,25,115,294,47,146,87,130,33,142,330,21,33,87,37,47,71,33
2021-06-24,73,181,599,120,141,791,7505,43,3053,4384,945,189,336,172,39,27,459,9,144,206,20,185,26,100,39,121,295,121,0,124,10,13,104,0
2021-06-25,103,195,313,68,196,783,6934,152,3846,2118,975,147,352,129,56,0,403,7,202,322,36,190,163,151,56,153,274,86,136,85,45,5,172,19
2021-06-26,81,246,266,126,109,782,9271,68,3787,2305,989,129,428,174,89,0,408,6,173,257,23,220,63,126,29,148,365,58,30,148,42,2,106,41
2021-06-27,59,174,698,103,16,830,9394,48,3988,2288,889,146,470,160,23,0,435,19,162,172,8,119,109,93,35,235,223,28,51,151,34,32,114,36
2021-06-28,104,212,494,102,10,859,8348,46,4771,2143,1081,125,382,106,48,0,329,41,199,89,34,208,30,125,50,159,209,24,119,120,12,19,78,18
2021-06-29,133,238,521,88,110,850,7379,123,3908,2932,1065,219,482,146,55,73,480,82,164,188,38,146,37,135,75,125,288,36,26,137,45,8,125,10
2021-06-30,98,221,486,159,264,892,7680,107,4473,2335,1203,192,489,188,82,159,421,7,223,452,47,188,68,212,68,197,382,100,0,162,35,39,178,0
2021-07-01,92,311,300,248,178,895,7541,101,6179,2624,1397,191,596,256,124,196,397,139,229,549,42,174,100,253,78,206,416,132,218,151,46,101,349,27
2021-07-02,94,343,302,203,139,922,9399,183,4920,2538,1388,199,661,210,159,107,469,25,243,455,87,119,199,327,98,285,506,201,185,301,25,26,487,25
2021-07-03,72,272,715,163,140,1358,9702,56,5393,3224,1439,336,622,272,77,113,648,25,246,501,143,149,137,327,100,286,447,125,172,206,30,20,383,14
2021-07-04,72,355,621,170,190,1615,10485,131,4458,2955,1468,190,738,240,208,0,416,9,244,435,94,132,138,176,56,281,463,146,0,276,67,64,340,0
2021-07-05,34,401,541,173,100,1465,10903,121,6971,3447,1543,101,428,139,22,147,408,65,172,81,2,135,32,219,77,306,424,68,278,339,44,22,461,76
2021-07-06,174,424,457,241,201,1386,9439,58,7239,4048,1808,259,726,198,55,207,586,122,255,304,164,256,89,249,107,266,418,117,349,258,15,45,632,37
2021-07-07,114,505,612,223,227,1370,9366,106,8591,3823,2548,282,757,286,111,162,608,52,358,676,128,189,119,485,118,320,532,218,258,287,69,62,731,86
2021-07-08,162,577,503,288,264,1424,12974,132,7772,4232,2551,288,979,250,144,124,456,22,296,770,225,275,135,500,157,373,672,125,303,317,101,45,914,41
2021-07-09,80,674,514,287,101,1665,13112,186,7399,4530,2530,296,1021,216,200,168,725,8,341,718,278,336,124,511,233,383,504,171,210,213,125,34,220,11
2021-07-10,133,678,569,322,212,1809,12920,134,4926,3618,2237,298,1051,232,202,253,481,214,423,847,223,284,116,573,135,336,738,234,191,190,74,63,353,25
2021-07-11,67,561,679,263,161,1895,13133,147,6704,2575,2419,241,1134,261,120,282,651,503,388,344,137,282,237,477,184,326,653,184,347,199,89,80,474,0
2021-07-12,36,656,2639,217,147,1731,14619,38,7942,2928,2742,247,1012,303,49,100,580,217,471,368,115,344,34,289,83,430,559,131,217,151,209,3,699,121
2021-07-13,162,723,4016,516,154,2731,12182,352,7192,3270,6269,746,1498,253,307,169,539,372,778,488,274,811,150,533,328,325,610,173,248,267,209,72,1128,54
2021-07-14,116,791,3889,508,247,2350,12667,400,10444,5110,7088,779,1658,281,393,251,529,236,760,666,255,896,135,550,264,320,978,161,211,602,357,33,537,55
2021-07-15,100,843,3994,511,372,2706,12691,388,11101,4360,8230,585,1543,258,493,155,625,370,963,678,380,1127,222,594,308,349,963,199,162,350,318,117,639,63
2021-07-16,63,885,3680,457,354,1661,12415,303,10730,4188,7832,573,1724,270,345,170,719,241,689,1006,345,937,141,739,233,420,858,152,139,605,292,134,547,153
2021-07-17,69,1019,3424,486,217,2523,10168,302,9398,5655,6920,511,1667,376,645,348,892,379,770,637,261,1004,176,771,337,448,999,360,78,295,200,76,488,53
2021-07-18,63,944,3139,309,468,2119,9128,442,7777,4699,5726,358,1514,305,299,284,928,333,556,641,306,814,159,434,251,677,847,84,69,156,135,90,565,102
2021-07-19,11,837,2166,275,116,1992,5000,207,7287,4042,4423,130,963,123,248,130,704,228,376,740,70,611,123,350,273,650,680,92,215,70,180,62,749,134
2021-07-20,52,880,2865,283,101,1872,6213,222,6928,3423,5654,403,1178,348,495,286,710,337,596,524,309,903,161,491,215,419,843,85,59,325,260,132,731,22
2021-07-21,51,1111,1903,286,197,1648,5904,14,5950,4253,3859,186,900,244,229,258,520,208,450,539,261,951,206,233,280,441,453,173,195,235,256,71,1249,58
2021-07-22,103,1250,3333,528,214,1978,7058,359,10499,5371,6625,475,1952,339,650,405,690,379,806,617,370,1235,137,954,379,424,769,155,75,153,221,151,779,76
2021-07-23,145,1407,2626,639,444,1431,8033,465,8925,4498,6912,422,1505,348,876,460,912,295,841,753,333,1521,274,1286,497,445,1008,181,121,239,325,77,807,20
2021-07-24,212,1057,2328,594,259,1628,8360,396,7587,5465,5699,287,2106,380,690,370,692,114,815,428,246,1276,226,815,388,499,1215,82,92,125,261,141,509,74
2021-07-25,200,990,1619,626,275,2145,5393,192,5302,5265,4763,364,1693,450,619,427,599,127,388,752,507,1031,311,880,278,399,1032,268,104,275,189,102,1080,34
2021-07-26,160,1078,883,252,267,2667,2662,105,4368,4021,3157,132,944,424,195,210,473,136,366,614,191,1028,114,657,415,449,1137,179,51,73,351,100,320,49
2021-07-27,226,1314,1610,709,274,2732,3567,226,8589,5187,6337,427,2009,254,517,457,656,207,1020,894,479,1408,258,954,620,581,1428,136,113,186,351,146,1244,87
2021-07-28,237,1452,1642,632,383,2282,5525,567,8366,4666,6422,487,2129,416,862,581,690,287,1249,863,339,1588,233,1145,819,517,1276,195,87,116,338,79,1127,194
2021-07-29,231,1119,1464,595,365,1920,3845,385,7519,4535,5506,397,1540,379,913,493,516,326,1278,1036,562,1588,232,1359,804,687,2096,110,68,328,325,99,781,78
2021-07-30,240,1365,1209,598,399,1932,3454,374,6912,4502,5210,431,2364,247,958,508,539,342,1002,873,452,1425,121,1082,643,569,1667,156,49,184,330,123,722,186
2021-07-31,228,1280,1366,580,520,1522,3327,300,4204,4896,4697,456,1660,446,720,554,497,383,893,886,708,1417,162,1268,418,678,1626,22,43,328,264,169,647,119
2021-08-01,204,1146,1325,449,311,1303,2701,414,2769,4234,3671,569,1716,309,665,527,366,260,547,718,293,1179,125,796,633,581,1202,22,33,243,187,154,886,200
2021-08-02,62,1044,1060,344,314,1566,1410,63,2341,3218,2489,170,1086,285,470,254,406,150,184,983,126,651,135,540,543,472,1077,35,51,118,173,80,410,94
2021-08-03,259,1408,1368,831,331,1445,1601,435,4301,4331,4113,477,1419,293,744,475,575,247,724,1157,364,1434,255,1131,827,599,1254,49,58,209,325,116,608,137
2021-08-04,351,1362,976,857,397,1862,2981,387,3994,4169,4030,681,2222,265,733,632,503,249,695,942,196,1656,189,1243,665,717,1464,43,18,157,254,169,530,278
2021-08-05,285,1470,964,802,248,1461,2311,352,4718,4252,4074,526,2083,352,876,599,445,217,786,856,473,1556,218,1197,838,680,860,110,46,270,301,174,1136,228
2021-08-06,383,1239,1003,862,402,1639,2186,369,4580,3022,4490,423,1815,286,906,509,512,201,897,925,621,2045,201,1166,1566,696,2205,189,13,71,212,143,3598,157
2021-08-07,343,1027,810,625,231,1378,2008,320,3004,5340,3438,363,1786,340,908,454,320,272,613,831,524,1405,241,832,803,437,1251,176,37,140,217,88,1027,164
2021-08-08,285,1184,450,476,107,1194,1649,261,2248,4693,2537,223,1576,294,817,329,281,213,394,778,510,1406,102,735,843,497,1154,132,5,68,94,55,721,104
2021-08-09,152,1018,337,216,221,733,727,28,2422,4210,1965,65,1070,344,559,327,307,278,203,390,130,1035,89,807,428,367,784,46,77,408,135,62,636,133
2021-08-10,379,1411,842,689,120,1487,1425,453,4163,4560,3618,360,1546,348,578,505,310,226,610,501,173,1753,132,963,966,494,1235,97,171,418,205,224,912,207
2021-08-11,385,1270,675,502,206,1510,1957,457,3174,4980,2885,386,1843,320,687,536,275,227,551,630,281,1472,90,1027,915,430,1174,36,42,341,175,220,867,99
2021-08-12,181,1353,395,395,117,1083,1078,100,1868,5300,3161,327,1176,309,462,332,233,194,273,545,507,1314,91,698,649,372,704,61,28,227,224,121,716,115
2021-08-13,411,1910,713,660,197,1243,1210,400,2968,4223,4178,562,1451,469,811,336,278,378,703,590,295,1284,130,1087,998,467,1070,77,55,139,241,222,885,147
2021-08-14,397,1795,605,553,265,1788,1363,414,2164,4560,3232,493,1168,396,856,365,247,248,405,609,346,1452,104,1018,882,468,1070,51,18,99,178,171,649,169
2021-08-15,310,1071,406,311,77,933,1182,376,1299,4144,1725,334,776,482,616,419,212,207,211,562,233,1246,136,641,674,382,936,14,4,68,152,100,498,76
2021-08-16,341,888,208,235,75,702,513,173,2095,3803,1559,220,633,475,574,187,201,249,237,151,185,821,86,336,526,375,609,49,64,26,197,66,438,87
2021-08-17,390,988,402,337,110,1106,655,350,1643,3263,2346,407,923,337,669,495,284,201,370,268,172,1172,85,476,891,367,819,41,23,42,234,156,657,62
2021-08-18,383,734,210,276,28,634,1029,121,1377,1072,1499,180,638,225,445,170,178,137,117,432,250,869,62,493,450,229,589,18,22,85,154,54,527,81
2021-08-19,355,1032,395,452,129,1175,731,357,3266,1428,3019,468,1100,302,791,416,183,219,305,291,168,1129,156,892,833,375,835,42,13,84,200,99,714,99
2021-08-20,459,1039,449,440,98,820,968,325,2742,3432,2508,391,921,244,644,358,203,199,263,390,231,1481,62,685,595,371,764,18,17,53,136,89,491,118
2021-08-21,382,849,374,393,71,930,891,321,1747,1236,2122,265,657,179,705,241,203,134,236,532,215,1189,58,551,546,319,610,35,11,22,187,109,377,47
2021-08-22,334,583,214,301,113,783,702,198,1192,822,1301,245,599,290,410,183,19,195,175,330,253,1002,53,411,318,243,568,16,7,9,74,83,295,87
2021-08-23,229,434,124,191,55,507,485,62,1483,798,1073,182,487,179,297,181,82,155,278,80,58,514,70,179,331,250,357,73,10,23,101,14,223,39
